"Export ""EB1 AOS Part I"" as of Mon Jul 27 06:49:37 2026",,,,,,,,,,,,,,,,,,,,,,,,,,,,,,,,,,,,,,,,,,,,,,,,,,,,,,,,,,,,,,,,,,,,,,,,,,,,,,,,,,,,,,,,,,,,,,,,,,,,,,,,,,,,,,,,,,,,,,,,,,,,,,,,,,,,,,,,,,,,,,,,,,,,,,,,,,,,,,,,,,,,,,,,,,,,,,,,,,,,,,,,,,,,,,,,,,,,,,,,,,,,,,,,,,,,,,,,,,,,,,,,,,,,,,,,,,,,,,,,,,,,,,,,,,,,,,,,,,,,,,,,,,,,,,,,,,,,,,,,,,,,,,,,,,,,,,,,,,,,,,,,,,,,,,,,,,,,,,,,,,,,,,,,,,,,,,,,,,,,,,,,,,,,,,,,,,,,,,,,,,,,,,,,,,,,,,,,,,,,,,,,,,,,,,,,,,,,,,,,,,,,,,,,,,,,,,,,,,,,,,,,,,,,,,,,,,,,,,,,,,,,,,,,,,,,,,,,,,,,,,,,,,,,,,,,,,,,,,,,,,,,,,,,,,,,,,,,,,,,,,,,,,,,,,,,,,,,,,,,,,,,,,,,,,,,,,,,,,,,,,,,,,,,,,,,,,,,,,,,,,,,,,,,,,,,,,,,,,,,,,,,,,,,,,,,,,,,,,,,,,,,,,,,,,,,,,,,,,,,,,,,,,,,,,,,,,,,,,,,,,,,,,,,,,,,,,,,,,,,,,,,,,,,,,,,,,,,,,,,,,,,,,,,,,,,,,,,,,,,,,,,,,,,,,,,,,,,,,,,,,,,,,,,,,,,,,,,,,,,,,,,,,,,,,,,,,,,,,,,,,,,,,,,,,,,,,,,,,,,,,,,,,,,,,,,,,,,,,,,,,,,,,,,,,,,,,,,,,,,,,,,,,,,,,,,,,,,,,,,,,,,,,,,,,,,,,,,,,,,,,,,,,,,,,,,,,,,,,,,,,,,,,,,,,,,,,,,,,,,,,,,,,,,,,,,,,,,,,,,,,,,,,,,,,,,,,,,,,,,,,,,,,,,,,,,,,,,,,,,,,,,,,,,
Here's how you can select which data gets exported: https://help.formassembly.com/help/export,,,,,,,,,,,,,,,,,,,,,,,,,,,,,,,,,,,,,,,,,,,,,,,,,,,,,,,,,,,,,,,,,,,,,,,,,,,,,,,,,,,,,,,,,,,,,,,,,,,,,,,,,,,,,,,,,,,,,,,,,,,,,,,,,,,,,,,,,,,,,,,,,,,,,,,,,,,,,,,,,,,,,,,,,,,,,,,,,,,,,,,,,,,,,,,,,,,,,,,,,,,,,,,,,,,,,,,,,,,,,,,,,,,,,,,,,,,,,,,,,,,,,,,,,,,,,,,,,,,,,,,,,,,,,,,,,,,,,,,,,,,,,,,,,,,,,,,,,,,,,,,,,,,,,,,,,,,,,,,,,,,,,,,,,,,,,,,,,,,,,,,,,,,,,,,,,,,,,,,,,,,,,,,,,,,,,,,,,,,,,,,,,,,,,,,,,,,,,,,,,,,,,,,,,,,,,,,,,,,,,,,,,,,,,,,,,,,,,,,,,,,,,,,,,,,,,,,,,,,,,,,,,,,,,,,,,,,,,,,,,,,,,,,,,,,,,,,,,,,,,,,,,,,,,,,,,,,,,,,,,,,,,,,,,,,,,,,,,,,,,,,,,,,,,,,,,,,,,,,,,,,,,,,,,,,,,,,,,,,,,,,,,,,,,,,,,,,,,,,,,,,,,,,,,,,,,,,,,,,,,,,,,,,,,,,,,,,,,,,,,,,,,,,,,,,,,,,,,,,,,,,,,,,,,,,,,,,,,,,,,,,,,,,,,,,,,,,,,,,,,,,,,,,,,,,,,,,,,,,,,,,,,,,,,,,,,,,,,,,,,,,,,,,,,,,,,,,,,,,,,,,,,,,,,,,,,,,,,,,,,,,,,,,,,,,,,,,,,,,,,,,,,,,,,,,,,,,,,,,,,,,,,,,,,,,,,,,,,,,,,,,,,,,,,,,,,,,,,,,,,,,,,,,,,,,,,,,,,,,,,,,,,,,,,,,,,,,,,,,,,,,,,,,,,,,,,,,,,,,,,,,,,,,,,,,,,,,,,,,,,,,,,,,,,,,,,,,,,,,,,,,,,,,,
Submitted Date,Sponsoring Employer,Case Number,Employee ID,Last Name (as in passport),Given Name(s) (as in passport),Email (use email address assigned by your employer),Gender,Maiden Name,Date of Birth,City/Town/Village of Birth,State or Province of Birth,Country of Birth,Country of Citizenship,Primary Phone (U.S.),Ethnicity,Race,Eye Color,Hair Color,Height (feet),Height (inches),Weight (in lbs),Marital Status,Spouse Applying for Permanent Residence (Green Card) with you?,Any prior marriage?,"How many times have you been married (include your current spouse, annulled marriages, and marriages to the same person)?",Do you have any children?,"How many living children do you have (include adult sons and daughters, biological, legally adopted, and step children)?",Do you or any of your dependents plan to travel outside the U.S. in the next six (6) months?,Is your spouse a current member of the U.S. armed forces or U.S. Coast Guard?,Please explain,Street Name and Number,Apartment Number,City,State,Zip Code,Country,Dates at this current address From,Add another address?,Street Name and Number,Apartment Number,City,State/Province,Zip/Pin Code,Country,From,To,Add another address?,Street Name and Number,Apartment Number,City,State,Zip Code,Country,From,To,Add another address?,Street Name and Number,Apartment Number,City,State,Zip Code,Country,From,To (Year),Add another address?,Street Name and Number,Apartment Number,City,State,Zip Code,Country,From,To,Add another address?,Street Name and Number,Apartment Number,City,State,Zip Code,Country,From,To,Street Name and Number (of Current Non-U.S. Residence),Apartment No.,City,State/Province,Zip/Pin Code,Country,From,To,Is your last non-U.S. Address where you resided for more than 1 year the same as above?,Street Name and Number of your last Non-US residence of more than 1 year,Apartment No.,City,State/Province,Zip/Pin Code,Country,From,To,Did your spouse also reside at all of these addresses during the dates listed?,Father's Last Name,Father's First Name,Father's Date of Birth,Father's City of Birth,Father's Country of Birth,Father's City of Residence,Father's Country of Residence,Mother's Maiden Name,Mother's First Name,Mother's Date of Birth,Mother's City of Birth,Mother's Country of Birth,Mother's City of Residence,Mother's Country of Residence,Current Status,Date of Last Arrival,City or Town of Last Entry,State of Last Entry,I-94 Number,Date I-94 Expires,In what status did you last enter the U.S.?,SSN,Alien Number (if any),Consulate of Visa Issuance,Nonimmigrant Visa Number,Date Visa Issued,Have you ever filed Form I-485?,Did a relative file the associated Form I-140 for you?,Relative has significant ownership in the Petitioning company?,Have you ever applied for an Immigrant Visa to obtain permanent resident status at a U.S. Embassy or U.S. Consulate abroad?,City,Country,Decision,Date of Decision,Have you ever applied for Employment Authorization (EAD) before?,Which Service Center,Validity Date(s),Result,Passport Number,Expiration Date,Country of Issuance,Job Title,Date employment started,Current Salary,Street Number and Name,Apt/Ste/Flr,Apt/Ste/Flr Number,City,State/Province,Zip/Postal Code,Country,Title of your reporting manager,Name of reporting manager,Date you were transferred to U.S.?,Practice (Domain) Area and Description,Job Duty,Total Percentage,Related Task,Percentage,Related Task,Percentage,Related Task,Percentage,Related Task,Percentage,Job Duty,Total Percentage,Related Task,Percentage,Related Task,Percentage,Related Task,Percentage,Related Task,Percentage,Job Duty,Total Percentage,Related Task,Percentage,Related Task,Percentage,Related Task,Percentage,Related Task,Percentage,Job Duty,Total Percentage,Related Task,Percentage,Related Task,Percentage,Related Task,Percentage,Related Task,Percentage,Job Duty,Total Percentage,Related Task,Percentage,Related Task,Percentage,Related Task,Percentage,Related Task,Percentage,Job Duty,Total Percentage,Related Task,Percentage,Related Task,Percentage,Related Task,Percentage,Related Task,Percentage,Job Duty,Total Percentage,Related Task,Percentage,Related Task,Percentage,Related Task,Percentage,Related Task,Percentage,Job Duty,Total Percentage,Related Task,Percentage,Related Task,Percentage,Related Task,Percentage,Related Task,Percentage,Job Duty,Total Percentage,Related Task,Percentage,Related Task,Percentage,Related Task,Percentage,Related Task,Percentage,Job Duty,Total Percentage,Related Task,Percentage,Related Task,Percentage,Related Task,Percentage,Related Task,Percentage,Add another Job Duty?,Job Duty,Total Percentage,Related Task,Percentage,Related Task,Percentage,Related Task,Percentage,Related Task,Percentage,Add another Job Duty?,Job Duty,Total Percentage,Related Task,Percentage,Related Task,Percentage,Related Task,Percentage,Related Task,Percentage,Add another Job Duty?,Job Duty,Total Percentage,Related Task,Percentage,Related Task,Percentage,Related Task,Percentage,Related Task,Percentage,Add another Job Duty?,Job Duty,Total Percentage,Related Task,Percentage,Related Task,Percentage,Related Task,Percentage,Related Task,Percentage,Add another Job Duty?,Job Duty,Total Percentage,Related Task,Percentage,Related Task,Percentage,Related Task,Percentage,Related Task,Percentage,Name of Subordinate,Job Title,Experience,Education,Location (Country only),Job Duties,Do your direct reports have workers reporting to them as well?,Non U.S. Employer,Non U.S. Job Title,Street Number and Name,Apt/Ste/Flr,Apt/Ste/Flr Number,City,State/Province,Zip/Postal Code,Country,Name of reporting manager,Title of your Non U.S. reporting manager,Employed From,Employed To,When did you first join this Non U.S. employer?,Is the 'Employed From' date more than five years from Today (the date you are completing this questionnaire)?,Practice (Domain) Area and Description,Job Duty,Total Percentage,Related Task,Percentage,Related Task,Percentage,Related Task,Percentage,Related Task,Percentage,Job Duty,Total Percentage,Related Task,Percentage,Related Task,Percentage,Related Task,Percentage,Related Task,Percentage,Job Duty,Total Percentage,Related Task,Percentage,Related Task,Percentage,Related Task,Percentage,Related Task,Percentage,Job Duty,Total Percentage,Related Task,Percentage,Related Task,Percentage,Related Task,Percentage,Related Task,Percentage,Job Duty,Total Percentage,Related Task,Percentage,Related Task,Percentage,Related Task,Percentage,Related Task,Percentage,Job Duty,Total Percentage,Related Task,Percentage,Related Task,Percentage,Related Task,Percentage,Related Task,Percentage,Job Duty,Total Percentage,Related Task,Percentage,Related Task,Percentage,Related Task,Percentage,Related Task,Percentage,Job Duty,Total Percentage,Related Task,Percentage,Related Task,Percentage,Related Task,Percentage,Related Task,Percentage,Job Duty,Total Percentage,Related Task,Percentage,Related Task,Percentage,Related Task,Percentage,Related Task,Percentage,Job Duty,Total Percentage,Related Task,Percentage,Related Task,Percentage,Related Task,Percentage,Related Task,Percentage,Add another Job Duty?,Job Duty,Total Percentage,Related Task,Percentage,Related Task,Percentage,Related Task,Percentage,Related Task,Percentage,Add another Job Duty?,Job Duty,Total Percentage,Related Task,Percentage,Related Task,Percentage,Related Task,Percentage,Related Task,Percentage,Add another Job Duty?,Job Duty,Total Percentage,Related Task,Percentage,Related Task,Percentage,Related Task,Percentage,Related Task,Percentage,Add another Job Duty?,Job Duty,Total Percentage,Related Task,Percentage,Related Task,Percentage,Related Task,Percentage,Related Task,Percentage,Add another Job Duty?,Job Duty,Total Percentage,Related Task,Percentage,Related Task,Percentage,Related Task,Percentage,Related Task,Percentage,Name of Subordinate,Job Title,Education,Experience,Location (Country only),Job Duties,Did your Non U.S. direct reports have workers reporting to them as well?,Previous Employer Name,Occupation/Job Title,Street Number and Name,Apt/Ste/Flr,Apt/Ste/Flr Number,City,State/Provine,Zip/Postal Code,Country,From,To,Add Another Employment History?,Previous Employer Name,Occupation/Job Title,Street Number and Name,Apt/Ste/Flr,Apt/Ste/Flr Number,City,State/Provine,Zip/Postal Code,Country,From,To,Add Another Employment History?,Previous Employer,Occupation/Job Title,Street Number and Name,Apt/Ste/Flr,Apt/Ste/Flr Number,City,State/Provine,Zip/Postal Code,Country,From,To,Add Another Employment History?,Previous Employer Name,Occupation/Job Title,Street Number and Name,Apt/Ste/Flr,Apt/Ste/Flr Number,City,State/Provine,Zip/Postal Code,Country,From,To,Last Name,Given Name(s),Gender,Date of Birth,City of Marriage,State of Marriage,Country of Marriage,Date of Marriage,City of Termination of Marriage,State of Termination of Marriage,Country of Termination of Marriage,Date of Termination of Marriage,Add another?,Last Name,Given Name(s),Gender,Date of Birth,City of Marriage,State of Marriage,Country of Marriage,Date of Marriage,City of Termination of Marriage,State of Termination of Marriage,Country of Termination of Marriage,Date of Termination of Marriage,Last Name (as in passport),Given Name(s) (as in passport),Date of Birth,City/Town/Village of Birth,State or Province of Birth,Country of Birth,Country of Citizenship,Gender,Maiden Name,Relationship,City of Marriage,State of Marriage,Country of Marriage,Date of Marriage,Any prior marriage?,Primary Phone (U.S.),Ethnicity,Race,Eye Color,Hair Color,Height (feet),Height (inches),Weight (in lbs),Street Name and Number,Apartment Number,City,State,Zip Code,Country,Dates at this current address From,Add another address for spouse?,Street Name and Number,Apartment Number,City,State/Province,Zip/Pin Code,Country,From,To,Add another address for spouse?,Street Name and Number,Apartment Number,City,State,Zip Code,Country,From,To,Add another address for spouse?,Street Name and Number,Apartment Number,City,State,Zip Code,Country,From,To,Add another address for spouse?,Street Name and Number,Apartment Number,City,State,Zip Code,Country,From,To,Add another address for spouse?,Street Name and Number,Apartment Number,City,State,Zip Code,Country,From,To,Street Name and Number (of Current Non-U.S. Residence),Apartment No.,City,State/Province,Zip/Pin Code,Country,From,To,Is the last non-U.S. Address where your spouse resided for more than 1 year the same as above?,Street Name and Number (of last Non-U.S. Residence for more than 1 year),Apartment No.,City,State/Province,Zip/Pin Code,Country,From,To,My child(ren)'s residential history is the same as:,Father's Last Name,Father's First Name,Father's Date of Birth,Father's City of Birth,Father's Country of Birth,Father's City of Residence,Father's Country of Residence,Mother's Maiden Name,Mother's First Name,Mother's Date of Birth,Mother's City of Birth,Mother's Country of Birth,Mother's City of Residence,Mother's Country of Residence,Has your spouse ever filed Form I-485?,Current Status,Date of Last Arrival,City or Town of Last Entry,State of Last Entry,I-94 Number,Date I-94 Expires,In what status did your spouse last enter the U.S.?,Date Visa Issued,Consulate of Visa Issuance,Nonimmigrant Visa Number,Alien Number (if any),Spouse's U.S. Social Security Number (if any),Passport Number,Expiration Date,Country of Issuance,Did a relative file the associated Form I-140 for you?,Relative has significant ownership in the Petitioning company?,Employer Name,Occupation/Job Title,Street Number and Name,Apt/Ste/Flr,Apt/Ste/Flr Number,City,State/Province,Zip/Postal Code,Country,From,To,Add Another Employment History?,Employer Name,Occupation/Job Title,Street Number and Name,Apt/Ste/Flr,Apt/Ste/Flr Number,City,State/Province,Zip/Postal Code,Country,From,To,Add Another Employment History?,Employer Name,Occupation/Job Title,Street Number and Name,Apt/Ste/Flr,Apt/Ste/Flr Number,City,State/Province,Zip/Postal Code,Country,From (Year),To (Year),Add Another Employment History?,Employer Name,Occupation/Job Title,Street Number and Name,Apt/Ste/Flr,Apt/Ste/Flr Number,City,State/Province,Zip/Postal Code,Country,From,To,Has your spouse ever applied for Employment Authorization (EAD) before?,Which Service Center,Validity Date(s),Result,Has your spouse ever applied for an Immigrant Visa to obtain permanent resident status at a U.S. Embassy or U.S. Consulate abroad?,City,Country,Decision,Date of Decision,Last Name,Given Name(s),Gender,Date of Birth,City of Marriage,State of Marriage,Country of Marriage,Date of Marriage,City of Termination of Marriage,State of Termination of Marriage,Country of Termination of Marriage,Date of Termination of Marriage,Add another?,Last Name,Given Name(s),Gender,Date of Birth,City of Marriage,State of Marriage,Country of Marriage,City of Termination of Marriage,Date of Marriage,State of Termination of Marriage,Country of Termination of Marriage,Date of Termination of Marriage,Child's Last Name (as in passport),Child's Given Name(s) (as in passport),Child's Date of Birth,Child's City/Town of Birth,Child's State or Province of Birth,Child's Country of Birth,Child's Country of Citizenship,Gender,Child's Marital Status,Relationship,Child's Social Security Number,Child's Alien Number,Child Applying for I-485?,Child's Current nonimmigrant Status,Child 's Date of Last U.S. Entry,City or Town of Last Entry,State of Last Entry,Child's I-94 Number,Date Child's Status Expires,In what status did the child last enter the U.S.?,Consulate of Visa Issuance,Date Visa Issued,Nonimmigrant Visa Number,Child's Passport Number,Child's Passport Expiration Date,Child's Passport Country of Issuance,Ethnicity,Race,Eye Color,Hair Color,Height (feet),Height (inches),Weight (in lbs),Did a relative file the associated Form I-140 for you?,Relative has significant ownership in the Petitioning company?,Has your child ever applied for an Immigrant Visa to obtain permanent resident status at a U.S. Embassy or U.S. Consulate abroad?,City,Country,Decision,Date of Decision,Add another child?,Second Child's Last Name (as in passport),Second Child's Given Name(s) (as in passport),Second Child's Date of Birth,Second Child's City/Town of Birth,Second Child's State or Province of Birth,Second Child's Country of Birth,Second Child's Country of Citizenship,Second Child Gender,Second Child's Marital Status,Relationship,Second Child's Social Security Number,Second Child's Alien Number,Second Child Applying for I-485?,Second Child's Current nonimmigrant Status,Second Child 's Date of Last Arrival,Second Child City or Town of Last Entry,State of Last Entry,Second Child's I-94 Number,Second Child's Status Expiration Date,In what status did the second child last enter the U.S.?,Visa Issuance Date for Second Child,Consulate of Visa Issuance,Second Child Nonimmigrant Visa Number,Second Child's Passport Number,Second Child's Passport Country of Issuance,Second Child's Passport Expiration Date,Ethnicity,Race,Eye Color,Hair Color,Height (feet),Height (inches),Weight (in lbs),Did a relative file the associated Form I-140 for you?,Relative has significant ownership in the Petitioning company?,Has your child ever applied for an Immigrant Visa to obtain permanent resident status at a U.S. Embassy or U.S. Consulate abroad?,City,Country,Decision,Date of Decision,Add another child?,Third Child's Last Name (as in passport),Third Child's Given Name(s) (as in passport),Third Child's Date of Birth,Third Child's City/Town of Birth,Third Child's State or Province of Birth,Third Child's Country of Birth,Third Child's Country of Citizenship,Third Child Gender,Third Child's Marital Status,Relationship,Third Child's Social Security Number,Third Child's Alien Number,Third Child Applying for I-485?,Third Child's Current nonimmigrant Status,Third Child 's Date of Last Arrival,Third Child's City or Town of Last Entry,State of Last Entry,Third Child's I-94 Number,Third Child's Status Expiration Date,In what status did the Third child last enter the U.S.?,Visa Issuance Date for Third Child,Consulate of Visa Issuance,Third Child Nonimmigrant Visa Number,Third Child's Passport Number,Third Child's Passport Expiration Date,Third Child's Passport Country of Issuance,Ethnicity,Race,Eye Color,Hair Color,Height (feet),Height (inches),Weight (in lbs),Did a relative file the associated Form I-140 for you?,Relative has significant ownership in the Petitioning company?,Has your child ever applied for an Immigrant Visa to obtain permanent resident status at a U.S. Embassy or U.S. Consulate abroad?,City,Country,Decision,Date of Decision,Add another child?,Fourth Child's Last Name (as in passport),Fourth Child's Given Name(s) (as in passport),Fourth Child's Date of Birth,Fourth Child's City/Town of Birth,Fourth Child's State or Province of Birth,Fourth Child's Country of Birth,Fourth Child's Country of Citizenship,Fourth Child Gender,Fourth Child's Marital Status,Relationship,Fourth Child's Social Security Number,Fourth Child's Alien Number,Fourth Child Applying for I-485?,Fourth Child's Current nonimmigrant Status,Fourth Child 's Date of Last Arrival,Fourth Child's City or Town of Last Entry,State of Last Entry,Fourth Child's I-94 Number,Fourth Child's Status Expiration Date,In what status did the Fourth child last enter the U.S.?,Visa Issuance Date for Fourth Child,Consulate of Visa Issuance,Fourth Child Nonimmigrant Visa Number,Fourth Child's Passport Number,Fourth Child's Passport Expiration Date,Fourth Child's Passport Country of Issuance,Ethnicity,Race,Eye Color,Hair Color,Height (feet),Height (inches),Weight (in lbs),Did a relative file the associated Form I-140 for you?,Relative has significant ownership in the Petitioning company?,Has your child ever applied for an Immigrant Visa to obtain permanent resident status at a U.S. Embassy or U.S. Consulate abroad?,City,Country,Decision,Date of Decision,Form Name,Creation Date,Modified Date,Completion Time,Response Html Beta,Response Html,Response Text,Response,Response Id,Response Url,Resume Email,File List,Referrer,Unprotected File List,Ip Address,,,,,Has any I-140 petition ever been filed on your behalf?,What is the size of your household?,Indicate your annual household income:,Identify the total value of your household assets:,Identify the total value of your household liabilities (including both secured and unsecured liabilities):,What is the highest degree or level of school you have completed?,"List your certifications, licenses, skills obtained through work experience, and educational certificates.",What is the highest degree or level of school you have completed?,"List your certifications, licenses, skills obtained through work experience, and educational certificates.",What is the highest degree or level of school you have completed?,What is the highest degree or level of school you have completed?,What is the highest degree or level of school you have completed?,What is the highest degree or level of school you have completed?
7/25/2026 0:28,Tata Consultancy Services Ltd.,1943327,357591,Arora,Ankush,ANKUSH4.A@TCS.COM,Male,,8/9/1979,New Delhi,Delhi,India,India,6027962820,Not Hispanic or Latino,Asian,Brown,Black,5,8,172,Married,Yes,No,1,Yes,2,No,No,,1289 W Treasure Trl,,Apache Junction,AZ,85120,USA,10/1/2024,Yes,"13229 S, 48th Street",2018,Phoenix,AZ,85044,USA,10/25/2023,9/30/2024,No,,,,,,,,,,,,,,,,,,,,,,,,,,,,,,,,,,,,"SJR Pallaza City, Doddakannelli, Sarjapur Road",D174,Bangalore,Karnataka,560035,India,10/1/2021,10/24/2023,Yes,,,,,,,,,Yes,Arora,Umesh,8/7/1950,New Delhi,India,Deceased,Deceased,Chawla,Jyoti,10/2/1956,"Nangal, Punjab",India,New Delhi,India,L-1A,9/20/2025,Dallas,TX,00731613338,7/28/2028,L-1A,405654509,,Chennai,U2182485,9/1/2023,No,,,No,,,,,No,,,,Z7978108,8/26/2034,India,Business Relationship Manager,5/12/2010,,5000 E McDowell Rd,,,Mesa,Arizona,85215,USA,Sub ISU Head Manufacturing NAR B,Kundan Singh,10/25/2023,Not Applicable,Pipeline generation,15,"Proactively identify areas in Human Resource operations, Supply chain, Finance, IT operations, Application Management for project scope",10,Devise plans and roadmap for transformation,5,NA,0,NA,0,Solution development,10,"Engagement with internal departments & external partners to identify industry practices,",5,"Build businesses and exchange expertise (example – TCS CognixTM, Tradeshift, Celonis, Blackline, Service Now, Automation Anywhere and various Partner Alliances).",5,NA,0,NA,0,Quarterly & Monthly Client Reviews,15,Participation in clients’ Quarterly & Monthly business reviews.,10,"Frequent collaboration including meeting and leading/participating in workshops, periodic review of projects, provide consultation to relevant customer functions",5,NA,0,NA,0,Subordinates mentoring,15,"Responsible to build a strong team(s), manage talent & career development, talent retention and succession planning. Foster innovation through demonstration and direction",10,"Part of the leadership role is to develop talent and future leaders for TCS (thereby, for customer), along with Annual Appraisals of subordinates.",5,NA,0,NA,0,Internal reviews & meetings,15,Leads the business planning for NAR B Sub ISU BPS unit,5,Participates in manpower fulfilment planning and execution.,5,"Ensure fulfilment of clients’ requirements through internal collaboration, escalation as required.",5,NA,0,P&L Management,15,"Financial planning and delivery (Revenue, Cost & Gross Margins)",5,Annual Operating Plan – creation and execution.,5,Contract negotiation,3,Gross Margin improvement for Business Unit,2,Customer Management,15,"Manage, and enhance relationship with customers’ leadership",10,Regular customer connects,5,NA,0,NA,0,,,,,,,,,,,,,,,,,,,,,,,,,,,,,,,No,,,,,,,,,,,,,,,,,,,,,,,,,,,,,,,,,,,,,,,,,,,,,,,,,,,,,,,Abhishek Gupta,Technical Architect,18 years,Bachelor of Engineering (Information Technology),United States,"Works as technical architect for HRIT Portfolio applications. Responsibilities include a) work with the customer to understand their IT Roadmap b) Evaluate the present systems, operating models’ architecture, provide consultative solutions & work towards deploying optimal solutions c) assist the Implementation Team.",No,Tata Consultancy Services Limited,"Head - Delivery Excellence & Risk Management, Enterprise Business Process Services","42(P) & 45(P), Hosur Road, Phase II, Electronic City, Konappana Agrahara",,,Bengaluru,Karnataka,560100,India,Ajith Thomas,"Global Head, Enterprise Business Process Solutions",5/12/2010,9/24/2023,5/12/2010,Yes,Not Applicable,Business Planning,10,"Financial planning and delivery (Revenue, Cost & Gross Margins); Annual Operating Plan – creation and execution",5,"Contract negotiation, closure and change request management is a key responsibility of the current role, for new and existing customers.",5,NA,0,NA,0,Incremental Sales,15,Sales for new and existing projects,10,Gross Margin improvement for Business Unit – I carry a target of => 2% Margin improvement,5,NA,0,NA,0,Stakeholder Management,15,"Customer management – periodic review of projects, provide consultation to relevant customer functions",10,manage and enhance relationship with customers’ leadership,5,NA,0,NA,0,Cross leverage best practices,15,Account-mining/farming/Sales of existing accounts through cross functional expertise to meet/exceed annually.,5,"Engagement with internal departments & external partners to acquire best/industry practices, build businesses and exchange expertise",10,NA,0,NA,0,Consulting,15,"Providing leadership to the Pre-Sales, COE & Delivery functions and own the development of a financial pipeline/vision for the unit.",5,Provide Thought leadership in customer interaction,5,Managing customer executives,5,NA,0,Process Tranformation,15,Conducting Ideation sessions with the team,5,Identifying improvement projects,5,Mentoring Six sigma projects,3,quantification of benefits and management oversight,2,Risk Management,15,Conducting risk management assessments/ audits,5,Highlighting key customer & internal risks for Senior management review,5,Implementing enterprise wide controls,5,NA,0,,,,,,,,,,,,,,,,,,,,,,,,,,,,,,,No,,,,,,,,,,,,,,,,,,,,,,,,,,,,,,,,,,,,,,,,,,,,,,,,,,,,,,,"Elveera Dsouza,",Head,Post Graduate Diploma,23 years,India,"Risk Compliance & Assurance Head for Business process services within CBO Primary Job description - a) Conducting risk based reviews b) Collaboration with customers to mitigate business risks c) Business Continuity planning & management d) Privacy Management e) People Management, resource mobilization for optimum utilization f) Handing External audits.",Yes,,,,,,,,,,,,,,,,,,,,,,,,,,,,,,,,,,,,,,,,,,,,,,,,,,,,,,,,,,,,,,,,,,,,,,,,,Arora,Ambika,12/14/1984,Murran,Jammu & Kashmir,India,India,Female,Pandita,Wife,Jammu,Jammu & Kashmir,India,2/14/2009,No,6027065869,Not Hispanic or Latino,Asian,Brown,Black,5,4,160,,,,,,,,,,,,,,,,,,,,,,,,,,,,,,,,,,,,,,,,,,,,,,,,,,,,,,,,,,,,,,,,,,,,,,,Pandita,Raj Nath,Unknown,Kashmir,India,Jammu,Deceased,Kumari,Kiran,7/5/1958,Kashmir,India,Jammu,India,No,L-2,10/25/2023,Dallas,TX,606058586A3,7/18/2026,L-2,9/1/2023,Chennai,U2182483,,646041426,AP143513,5/14/2036,India,,,Global Foundries,Senior Lead Enterprise,400 Stone Break Road Extension,,,Malta,NY,12020,United States,7/21/2025,,Yes,Analog Devices Ltd,Senior Manager,One Analog Way,,,Wilmington,MA,01887,India,8/9/2024,4/11/2025,Yes,Acnovate Corporation,Integration Architect,3160 Delacruz Bldg 206,,,Santa Clara,CA,95054,United States,11/13/2023,8/8/2024,Yes,Analog Devices Ltd,Senior Manager,"Salarpuria Nova, No. 1, Swamy Vivekananda Road, Varthur Road, Nagavarapalya, Old Madras Road,",,,Bengaluru,Karnataka,560093,India,12/7/2015,10/18/2023,No,,,,No,,,,,,,,,,,,,,,,,,,,,,,,,,,,,,Arora,Aarnav,6/3/2011,Bengaluru,Karnataka,India,India,Male,Single,Son,,,Yes,L-2,10/25/2023,Dallas,TX,606059750A3,6/3/2032,L-2,Chennai,9/1/2023,U2182487,C3902582,6/2/2029,India,Not Hispanic or Latino,Asian,Brown,Black,5,10,135,,,No,,,,,Yes,Arora,Aadvik,12/22/2017,Bengaluru,Karnataka,India,India,Male,Single,Son,,,Yes,L-2,10/25/2023,Dallas,TX,606061006A3,12/22/2038,L-2,9/1/2023,Chennai,U2182484,C3904151,India,9/7/2030,Not Hispanic or Latino,Asian,Brown,Black,4,10,83,,,No,,,,,No,,,,,,,,,,,,,,,,,,,,,,,,,,,,,,,,,,,,,,,,,No,,,,,,,,,,,,,,,,,,,,,,,,,,,,,,,,,,,,,,,,,EB1 AOS Part I,7/23/2026 0:40,7/25/2026 0:30,5 hr. 36 min. 41 sec.,,,,,407014545,https://app.formassembly.com/responses/view/407014545,ankush4.a@tcs.com,,https://www.tfaforms.com/forms/legacyView/5048151/e7769fd9659dc0658bf7cf444704a4af/407014545,,136.226.65.75,,,,,No,4,"Over $141,000","Over $707,100","Over $186,800",Master's degree,"Certifications
Six Sigma Black Belt, American Society of Quality (2014)
SAFe 4 Agilist, Scaled Agile (2019)

Educational Certifications
Post Graduate Program in Management for Executives, University of California Los Angeles – 2021
Post Graduate Diploma in Business Administration, Symbiosis Center of Distance Learning – 2008
Bachelor of Technology (Mechanical & Automation Engineering) – 2004
Diploma in Mechanical Engineering - 2000

Skills
-	Sales, Solution & Process re-engineering
-	Finance Transformation, Automation
-	Strategy development, Business planning & forecasting
-	Revenue & Margin Management 
-	Relationship management
-	People Management & Leadership Development",Bachelor's degree,"IT Leader, Integration Architect , Enterprise application delivery, large scale business transformation, S4 HANA Implementation, Business Requirement Management, Stakeholder Management, Cross Functional team management",Grades 1 through 11,Grades 1 through 11,,
,,,,,,,,,,,,,,,,,,,,,,,,,,,,,,,,,,,,,,,,,,,,,,,,,,,,,,,,,,,,,,,,,,,,,,,,,,,,,,,,,,,,,,,,,,,,,,,,,,,,,,,,,,,,,,,,,,,,,,,,,,,,,,,,,,,,,,,,,,,,,,,,,,,,,,,,,,,,,,,,,,,,,,,,,,,,,,,,,,,,,,,,,,,,,,,,,,,,,,,,,,,,,,,,,,,,,,,,,,,,,,,,,,,,,,,,,,,,,,,,,,,,,,,,,,,,,,,,,,,,,,,,,,,,,,,,,,,,,,,,,,,,,,,,,,,,,,,,,,,,,,,,,,,,,,,Christopher Porter,Developer,10 years,Bachelors in computer science,United States,"Works as Developer for ASP.NET applications for HRIT portfolio. Responsibilities include a) Modifying code to fix errors, adapt it to new hardware, improve its performance, or upgrade interfaces b) Conducting system testing and validation procedures c) Documentation development d) Working with customers or departments on technical issues including software system design and maintenance.",,,,,,,,,,,,,,,,,,,,,,,,,,,,,,,,,,,,,,,,,,,,,,,,,,,,,,,,,,,,,,,,,,,,,,,,,,,,,,,,,,,,,,,,,,,,,,,,,,,,,,,,,,,,,,,,,,,,,,,,,,,,,,,,,,,,,,,,,,,,,,,,,,,,,,,,,,,,,,,,,,,,,,,,,,,,,,,,,,,,,,,,,,,,,,,,,,,,,,,,,,,,,,,,,,,,,,,,,,,,,,,,,,,,,,,,,,,,,,,,,,,,,,,,,,,,,,,,,,,,,,,,,,,,,,,,,,,,,,,,,,,,,,,,,,,,,,,,,,,,,,,,,,,,,,,,,,,,,,,,,,,,,,,,,,,,,,,,,,,,,,,,,,,,,,,,,,,,,,,,,,,,,,,,,,,,,,,,,,,,,,,,,,,,,,,,,,,,,,,,,,,,,,,,,,,,,,,,,,,,,,,,,,,,,,,,,,,,,,,,,,,,,,,,,,,,,,,,,,,,,,,,,,,,,,,,,,,,,,,,,,,,,,,,,,,,,,,,,,,,,,,,,,,,,,,,,,,,,,,,,,,,,,,,,,,,,,,,,,,,,,,,,,,,,,,,,,,,,,,,,,,,,,,,,,,,,,,,,,,,,,,,,,,,,,,,,,,,,,,,,,,,,,,,,,,,,,,,,,,,,,,,,,,,,407014545,,,,,,,,,,,,,,,,,,,,,,,
,,,,,,,,,,,,,,,,,,,,,,,,,,,,,,,,,,,,,,,,,,,,,,,,,,,,,,,,,,,,,,,,,,,,,,,,,,,,,,,,,,,,,,,,,,,,,,,,,,,,,,,,,,,,,,,,,,,,,,,,,,,,,,,,,,,,,,,,,,,,,,,,,,,,,,,,,,,,,,,,,,,,,,,,,,,,,,,,,,,,,,,,,,,,,,,,,,,,,,,,,,,,,,,,,,,,,,,,,,,,,,,,,,,,,,,,,,,,,,,,,,,,,,,,,,,,,,,,,,,,,,,,,,,,,,,,,,,,,,,,,,,,,,,,,,,,,,,,,,,,,,,,,,,,,,,Lincoln Wilson,Engineer,4 Years,Bachelor of Science -  Computer Science,United States,"Works as developer for HRSS application in HRIT portfolio. Responsibilities include a) Modifying code to fix errors, adapt it to new hardware, improve its performance, or upgrade interfaces b) Conducting system testing and validation procedures c) Documentation development d) Working with customers or departments on technical issues including software system design and maintenance.",,,,,,,,,,,,,,,,,,,,,,,,,,,,,,,,,,,,,,,,,,,,,,,,,,,,,,,,,,,,,,,,,,,,,,,,,,,,,,,,,,,,,,,,,,,,,,,,,,,,,,,,,,,,,,,,,,,,,,,,,,,,,,,,,,,,,,,,,,,,,,,,,,,,,,,,,,,,,,,,,,,,,,,,,,,,,,,,,,,,,,,,,,,,,,,,,,,,,,,,,,,,,,,,,,,,,,,,,,,,,,,,,,,,,,,,,,,,,,,,,,,,,,,,,,,,,,,,,,,,,,,,,,,,,,,,,,,,,,,,,,,,,,,,,,,,,,,,,,,,,,,,,,,,,,,,,,,,,,,,,,,,,,,,,,,,,,,,,,,,,,,,,,,,,,,,,,,,,,,,,,,,,,,,,,,,,,,,,,,,,,,,,,,,,,,,,,,,,,,,,,,,,,,,,,,,,,,,,,,,,,,,,,,,,,,,,,,,,,,,,,,,,,,,,,,,,,,,,,,,,,,,,,,,,,,,,,,,,,,,,,,,,,,,,,,,,,,,,,,,,,,,,,,,,,,,,,,,,,,,,,,,,,,,,,,,,,,,,,,,,,,,,,,,,,,,,,,,,,,,,,,,,,,,,,,,,,,,,,,,,,,,,,,,,,,,,,,,,,,,,,,,,,,,,,,,,,,,,,,,,,,,,,,,,407014545,,,,,,,,,,,,,,,,,,,,,,,
,,,,,,,,,,,,,,,,,,,,,,,,,,,,,,,,,,,,,,,,,,,,,,,,,,,,,,,,,,,,,,,,,,,,,,,,,,,,,,,,,,,,,,,,,,,,,,,,,,,,,,,,,,,,,,,,,,,,,,,,,,,,,,,,,,,,,,,,,,,,,,,,,,,,,,,,,,,,,,,,,,,,,,,,,,,,,,,,,,,,,,,,,,,,,,,,,,,,,,,,,,,,,,,,,,,,,,,,,,,,,,,,,,,,,,,,,,,,,,,,,,,,,,,,,,,,,,,,,,,,,,,,,,,,,,,,,,,,,,,,,,,,,,,,,,,,,,,,,,,,,,,,,,,,,,,Keith Kondos,C&SI Engagement Director,13 Years,Masters in Finance,United States,"Working as a Finance & Management consultant for large international engagements. a) Support business strategy development, operating model design, and growth initiatives b) Translate strategic objectives into actionable plans, milestones, and success metrics c) Act as a trusted advisor to CXOs, finance leaders, and business stakeholders d) Prepare executive presentations, insights, and recommendations",,,,,,,,,,,,,,,,,,,,,,,,,,,,,,,,,,,,,,,,,,,,,,,,,,,,,,,,,,,,,,,,,,,,,,,,,,,,,,,,,,,,,,,,,,,,,,,,,,,,,,,,,,,,,,,,,,,,,,,,,,,,,,,,,,,,,,,,,,,,,,,,,,,,,,,,,,,,,,,,,,,,,,,,,,,,,,,,,,,,,,,,,,,,,,,,,,,,,,,,,,,,,,,,,,,,,,,,,,,,,,,,,,,,,,,,,,,,,,,,,,,,,,,,,,,,,,,,,,,,,,,,,,,,,,,,,,,,,,,,,,,,,,,,,,,,,,,,,,,,,,,,,,,,,,,,,,,,,,,,,,,,,,,,,,,,,,,,,,,,,,,,,,,,,,,,,,,,,,,,,,,,,,,,,,,,,,,,,,,,,,,,,,,,,,,,,,,,,,,,,,,,,,,,,,,,,,,,,,,,,,,,,,,,,,,,,,,,,,,,,,,,,,,,,,,,,,,,,,,,,,,,,,,,,,,,,,,,,,,,,,,,,,,,,,,,,,,,,,,,,,,,,,,,,,,,,,,,,,,,,,,,,,,,,,,,,,,,,,,,,,,,,,,,,,,,,,,,,,,,,,,,,,,,,,,,,,,,,,,,,,,,,,,,,,,,,,,,,,,,,,,,,,,,,,,,,,,,,,,,,,,,,,,,,407014545,,,,,,,,,,,,,,,,,,,,,,,
,,,,,,,,,,,,,,,,,,,,,,,,,,,,,,,,,,,,,,,,,,,,,,,,,,,,,,,,,,,,,,,,,,,,,,,,,,,,,,,,,,,,,,,,,,,,,,,,,,,,,,,,,,,,,,,,,,,,,,,,,,,,,,,,,,,,,,,,,,,,,,,,,,,,,,,,,,,,,,,,,,,,,,,,,,,,,,,,,,,,,,,,,,,,,,,,,,,,,,,,,,,,,,,,,,,,,,,,,,,,,,,,,,,,,,,,,,,,,,,,,,,,,,,,,,,,,,,,,,,,,,,,,,,,,,,,,,,,,,,,,,,,,,,,,,,,,,,,,,,,,,,,,,,,,,,Rohit Bijlani,"Delivery Head Enterprise CBO BPS, India",21 Years,Master of Commerce,India,"Overall HR Services Delivery Lead for Boeing HR Services. Managing Large service delivery of 500+ FTEs - Operations management and experience in managing tall hierarchy with large span of people management. Managing SLAs and KPIs, Delivery excellence, people management, client management. Driving transformation projects for the HR scope of processes. Client relationship management expertise, strong analytical, leadership and problem-solving abilities. The role also includes escalation management and program delivery of the entire HRO program being delivered from offshore. Responsible for team management including providing feedback and conducting appraisals.",,,,,,,,,,,,,,,,,,,,,,,,,,,,,,,,,,,,,,,,,,,,,,,,,,,,,,,,,,,,,,,,,,,,,,,,,,,,,,,,,,,,,,,,,,,,,,,,,,,,,,,,,,,,,,,,,,,,,,,,,,,,,,,,,,,,,,,,,,,,,,,,,,,,,,,,,,,,,,,,,,,,,,,,,,,,,,,,,,,,,,,,,,,,,,,,,,,,,,,,,,,,,,,,,,,,,,,,,,,,,,,,,,,,,,,,,,,,,,,,,,,,,,,,,,,,,,,,,,,,,,,,,,,,,,,,,,,,,,,,,,,,,,,,,,,,,,,,,,,,,,,,,,,,,,,,,,,,,,,,,,,,,,,,,,,,,,,,,,,,,,,,,,,,,,,,,,,,,,,,,,,,,,,,,,,,,,,,,,,,,,,,,,,,,,,,,,,,,,,,,,,,,,,,,,,,,,,,,,,,,,,,,,,,,,,,,,,,,,,,,,,,,,,,,,,,,,,,,,,,,,,,,,,,,,,,,,,,,,,,,,,,,,,,,,,,,,,,,,,,,,,,,,,,,,,,,,,,,,,,,,,,,,,,,,,,,,,,,,,,,,,,,,,,,,,,,,,,,,,,,,,,,,,,,,,,,,,,,,,,,,,,,,,,,,,,,,,,,,,,,,,,,,,,,,,,,,,,,,,,,,,,,,,,,407014545,,,,,,,,,,,,,,,,,,,,,,,
,,,,,,,,,,,,,,,,,,,,,,,,,,,,,,,,,,,,,,,,,,,,,,,,,,,,,,,,,,,,,,,,,,,,,,,,,,,,,,,,,,,,,,,,,,,,,,,,,,,,,,,,,,,,,,,,,,,,,,,,,,,,,,,,,,,,,,,,,,,,,,,,,,,,,,,,,,,,,,,,,,,,,,,,,,,,,,,,,,,,,,,,,,,,,,,,,,,,,,,,,,,,,,,,,,,,,,,,,,,,,,,,,,,,,,,,,,,,,,,,,,,,,,,,,,,,,,,,,,,,,,,,,,,,,,,,,,,,,,,,,,,,,,,,,,,,,,,,,,,,,,,,,,,,,,,Baiju M,"Delivery Head, Enterprise CBO, BPS, India",19 Years,"Master of Science, Information Technology",India,"ISC Delivery lead for Boeing TCS Indirect Supply Chain operations. Administer and lead sourcing, procurement, procurement finance and other indirect procurement related activities and acting as a consultant/advisor for the client. Managing Large service delivery - Operations management and experience in managing tall hierarchy with large span of people management. Managing SLAs and KPIs, Delivery excellence, people management, client management. Driving transformation projects for the SCM processes. Client relationship management expertise, strong analytical, leadership and problem-solving abilities. The role also includes escalation management and program delivery of the entire HRO program being delivered from offshore. Responsible for team management including providing feedback and conducting appraisals.",,,,,,,,,,,,,,,,,,,,,,,,,,,,,,,,,,,,,,,,,,,,,,,,,,,,,,,,,,,,,,,,,,,,,,,,,,,,,,,,,,,,,,,,,,,,,,,,,,,,,,,,,,,,,,,,,,,,,,,,,,,,,,,,,,,,,,,,,,,,,,,,,,,,,,,,,,,,,,,,,,,,,,,,,,,,,,,,,,,,,,,,,,,,,,,,,,,,,,,,,,,,,,,,,,,,,,,,,,,,,,,,,,,,,,,,,,,,,,,,,,,,,,,,,,,,,,,,,,,,,,,,,,,,,,,,,,,,,,,,,,,,,,,,,,,,,,,,,,,,,,,,,,,,,,,,,,,,,,,,,,,,,,,,,,,,,,,,,,,,,,,,,,,,,,,,,,,,,,,,,,,,,,,,,,,,,,,,,,,,,,,,,,,,,,,,,,,,,,,,,,,,,,,,,,,,,,,,,,,,,,,,,,,,,,,,,,,,,,,,,,,,,,,,,,,,,,,,,,,,,,,,,,,,,,,,,,,,,,,,,,,,,,,,,,,,,,,,,,,,,,,,,,,,,,,,,,,,,,,,,,,,,,,,,,,,,,,,,,,,,,,,,,,,,,,,,,,,,,,,,,,,,,,,,,,,,,,,,,,,,,,,,,,,,,,,,,,,,,,,,,,,,,,,,,,,,,,,,,,,,,,,,,,,,407014545,,,,,,,,,,,,,,,,,,,,,,,
,,,,,,,,,,,,,,,,,,,,,,,,,,,,,,,,,,,,,,,,,,,,,,,,,,,,,,,,,,,,,,,,,,,,,,,,,,,,,,,,,,,,,,,,,,,,,,,,,,,,,,,,,,,,,,,,,,,,,,,,,,,,,,,,,,,,,,,,,,,,,,,,,,,,,,,,,,,,,,,,,,,,,,,,,,,,,,,,,,,,,,,,,,,,,,,,,,,,,,,,,,,,,,,,,,,,,,,,,,,,,,,,,,,,,,,,,,,,,,,,,,,,,,,,,,,,,,,,,,,,,,,,,,,,,,,,,,,,,,,,,,,,,,,,,,,,,,,,,,,,,,,,,,,,,,,,,,,,,,,,,,,,,,,,,,,,,,,,,,,,,,,,,,,,,,,,,,,,,,,,,,,,,,,,,,,,,,,,,,,,,,,,,,,,,,,,,,,,,,,,,,,,,,,,,,,,,,,,,,,,,,,,,,,,,,,,,,,,,,,,,,,,,,,,,,,,,,,,,,,,,,,,,,,,,,,,,,,,,,,,,,,,,,,,,Nilesh Agrawal,Quality Manager,Bachelor of Commerce,21 years,India,"Delivery excellence lead for Manufacturing industry vertical - Finance and Accounting processes. Primary Job description - a) Process transition, stabilization, and SLA Management b) Identifying process improvement and business value opportunities c) Executing & mentoring improvement projects c) Stakeholder Management – Liaise with internal & external (customer) stakeholders d) People Management, resource mobilization for optimum utilization e) Handing External and internal audits for the project g) Risk Management – Help mitigate risk by bring industry leading practices",,,,,,,,,,,,,,,,,,,,,,,,,,,,,,,,,,,,,,,,,,,,,,,,,,,,,,,,,,,,,,,,,,,,,,,,,,,,,,,,,,,,,,,,,,,,,,,,,,,,,,,,,,,,,,,,,,,,,,,,,,,,,,,,,,,,,,,,,,,,,,,,,,,,,,,,,,,,,,,,,,,,,,,,,,,,,,,,,,,,,,,,,,,,,,,,,,,,,,,,,,,,,,,,,,,,,,,,,,,,,,,,,,,,,,,,,,,,,,,,,,,,,,,,,,,,,,,,,,,,,,,,,,,,,,,,,,,,,,,,,,,,,,,,,,,,,,,,,,,,,,,,,,,,,,,,,,,,,,,,,,,,,,,,,,,,,,,,,,,,,,,,,,,,,,,,,,,,,,,,,,,,,,,,,,,,,,,,,,,,,,,,,,,,,,,,,,,,,,,,,,,,,,,,,,,,,,,,,,,,,,,,,,,,,,,,,,,,,,,,,,,,,,,,,,,407014545,,,,,,,,,,,,,,,,,,,,,,,
,,,,,,,,,,,,,,,,,,,,,,,,,,,,,,,,,,,,,,,,,,,,,,,,,,,,,,,,,,,,,,,,,,,,,,,,,,,,,,,,,,,,,,,,,,,,,,,,,,,,,,,,,,,,,,,,,,,,,,,,,,,,,,,,,,,,,,,,,,,,,,,,,,,,,,,,,,,,,,,,,,,,,,,,,,,,,,,,,,,,,,,,,,,,,,,,,,,,,,,,,,,,,,,,,,,,,,,,,,,,,,,,,,,,,,,,,,,,,,,,,,,,,,,,,,,,,,,,,,,,,,,,,,,,,,,,,,,,,,,,,,,,,,,,,,,,,,,,,,,,,,,,,,,,,,,,,,,,,,,,,,,,,,,,,,,,,,,,,,,,,,,,,,,,,,,,,,,,,,,,,,,,,,,,,,,,,,,,,,,,,,,,,,,,,,,,,,,,,,,,,,,,,,,,,,,,,,,,,,,,,,,,,,,,,,,,,,,,,,,,,,,,,,,,,,,,,,,,,,,,,,,,,,,,,,,,,,,,,,,,,,,,,,,,,Amit Sinha,Manager,Master Of Science,21 years,India,"Delivery Excellence Lead for Travel, Transportation, Hospitality, Communication, Media, Information services technology, Hitech industry verticals - Finance and Accounting processes. Primary Job description - a) Process transition, stabilization, and SLA Management b) Identifying process improvement and business value opportunities c) Executing & mentoring improvement projects c) Stakeholder Management – Liaise with internal & external (customer) stakeholders d) People Management, resource mobilization for optimum utilization e) Handing External and internal audits for the project g) Risk Management – Help mitigate risk by bring industry leading practices",,,,,,,,,,,,,,,,,,,,,,,,,,,,,,,,,,,,,,,,,,,,,,,,,,,,,,,,,,,,,,,,,,,,,,,,,,,,,,,,,,,,,,,,,,,,,,,,,,,,,,,,,,,,,,,,,,,,,,,,,,,,,,,,,,,,,,,,,,,,,,,,,,,,,,,,,,,,,,,,,,,,,,,,,,,,,,,,,,,,,,,,,,,,,,,,,,,,,,,,,,,,,,,,,,,,,,,,,,,,,,,,,,,,,,,,,,,,,,,,,,,,,,,,,,,,,,,,,,,,,,,,,,,,,,,,,,,,,,,,,,,,,,,,,,,,,,,,,,,,,,,,,,,,,,,,,,,,,,,,,,,,,,,,,,,,,,,,,,,,,,,,,,,,,,,,,,,,,,,,,,,,,,,,,,,,,,,,,,,,,,,,,,,,,,,,,,,,,,,,,,,,,,,,,,,,,,,,,,,,,,,,,,,,,,,,,,,,,,,,,,,,,,,,,,,407014545,,,,,,,,,,,,,,,,,,,,,,,
,,,,,,,,,,,,,,,,,,,,,,,,,,,,,,,,,,,,,,,,,,,,,,,,,,,,,,,,,,,,,,,,,,,,,,,,,,,,,,,,,,,,,,,,,,,,,,,,,,,,,,,,,,,,,,,,,,,,,,,,,,,,,,,,,,,,,,,,,,,,,,,,,,,,,,,,,,,,,,,,,,,,,,,,,,,,,,,,,,,,,,,,,,,,,,,,,,,,,,,,,,,,,,,,,,,,,,,,,,,,,,,,,,,,,,,,,,,,,,,,,,,,,,,,,,,,,,,,,,,,,,,,,,,,,,,,,,,,,,,,,,,,,,,,,,,,,,,,,,,,,,,,,,,,,,,,,,,,,,,,,,,,,,,,,,,,,,,,,,,,,,,,,,,,,,,,,,,,,,,,,,,,,,,,,,,,,,,,,,,,,,,,,,,,,,,,,,,,,,,,,,,,,,,,,,,,,,,,,,,,,,,,,,,,,,,,,,,,,,,,,,,,,,,,,,,,,,,,,,,,,,,,,,,,,,,,,,,,,,,,,,,,,,,,,Anupam Goswami,Lead,Post Graduate Diploma In Management,15 years,India,"Delivery excellence lead for Energy, Resources & Utilities industry verticals - Finance and Accounting processes and additionally as Delivery Excellence for Human Resource Operations. Primary Job description - a) Process transition, stabilization, and SLA Management b) Identifying process improvement and business value opportunities c) Executing & mentoring improvement projects c) Stakeholder Management – Liaise with internal & external (customer) stakeholders d) People Management, resource mobilization for optimum utilization e) Handing External and internal audits for the project g) Risk Management – Help mitigate risk by bring industry leading practices",,,,,,,,,,,,,,,,,,,,,,,,,,,,,,,,,,,,,,,,,,,,,,,,,,,,,,,,,,,,,,,,,,,,,,,,,,,,,,,,,,,,,,,,,,,,,,,,,,,,,,,,,,,,,,,,,,,,,,,,,,,,,,,,,,,,,,,,,,,,,,,,,,,,,,,,,,,,,,,,,,,,,,,,,,,,,,,,,,,,,,,,,,,,,,,,,,,,,,,,,,,,,,,,,,,,,,,,,,,,,,,,,,,,,,,,,,,,,,,,,,,,,,,,,,,,,,,,,,,,,,,,,,,,,,,,,,,,,,,,,,,,,,,,,,,,,,,,,,,,,,,,,,,,,,,,,,,,,,,,,,,,,,,,,,,,,,,,,,,,,,,,,,,,,,,,,,,,,,,,,,,,,,,,,,,,,,,,,,,,,,,,,,,,,,,,,,,,,,,,,,,,,,,,,,,,,,,,,,,,,,,,,,,,,,,,,,,,,,,,,,,,,,,,,,,407014545,,,,,,,,,,,,,,,,,,,,,,,
,,,,,,,,,,,,,,,,,,,,,,,,,,,,,,,,,,,,,,,,,,,,,,,,,,,,,,,,,,,,,,,,,,,,,,,,,,,,,,,,,,,,,,,,,,,,,,,,,,,,,,,,,,,,,,,,,,,,,,,,,,,,,,,,,,,,,,,,,,,,,,,,,,,,,,,,,,,,,,,,,,,,,,,,,,,,,,,,,,,,,,,,,,,,,,,,,,,,,,,,,,,,,,,,,,,,,,,,,,,,,,,,,,,,,,,,,,,,,,,,,,,,,,,,,,,,,,,,,,,,,,,,,,,,,,,,,,,,,,,,,,,,,,,,,,,,,,,,,,,,,,,,,,,,,,,,,,,,,,,,,,,,,,,,,,,,,,,,,,,,,,,,,,,,,,,,,,,,,,,,,,,,,,,,,,,,,,,,,,,,,,,,,,,,,,,,,,,,,,,,,,,,,,,,,,,,,,,,,,,,,,,,,,,,,,,,,,,,,,,,,,,,,,,,,,,,,,,,,,,,,,,,,,,,,,,,,,,,,,,,,,,,,,,,,Neha Taneja,Manager,Bachelor Of Engineering (Computer Science),22 years,India,"Agile & Automation lead for Enterprise Business process solution and Customer Interaction Management. Primary Job description - a) Agile Deployment b) Identifying & providing automation solutions c) People Management, resource mobilization for optimum utilization d) Driving efficiency within the account & Transformation",,,,,,,,,,,,,,,,,,,,,,,,,,,,,,,,,,,,,,,,,,,,,,,,,,,,,,,,,,,,,,,,,,,,,,,,,,,,,,,,,,,,,,,,,,,,,,,,,,,,,,,,,,,,,,,,,,,,,,,,,,,,,,,,,,,,,,,,,,,,,,,,,,,,,,,,,,,,,,,,,,,,,,,,,,,,,,,,,,,,,,,,,,,,,,,,,,,,,,,,,,,,,,,,,,,,,,,,,,,,,,,,,,,,,,,,,,,,,,,,,,,,,,,,,,,,,,,,,,,,,,,,,,,,,,,,,,,,,,,,,,,,,,,,,,,,,,,,,,,,,,,,,,,,,,,,,,,,,,,,,,,,,,,,,,,,,,,,,,,,,,,,,,,,,,,,,,,,,,,,,,,,,,,,,,,,,,,,,,,,,,,,,,,,,,,,,,,,,,,,,,,,,,,,,,,,,,,,,,,,,,,,,,,,,,,,,,,,,,,,,,,,,,,,,,,407014545,,,,,,,,,,,,,,,,,,,,,,,
,,,,,,,,,,,,,,,,,,,,,,,,,,,,,,,,,,,,,,,,,,,,,,,,,,,,,,,,,,,,,,,,,,,,,,,,,,,,,,,,,,,,,,,,,,,,,,,,,,,,,,,,,,,,,,,,,,,,,,,,,,,,,,,,,,,,,,,,,,,,,,,,,,,,,,,,,,,,,,,,,,,,,,,,,,,,,,,,,,,,,,,,,,,,,,,,,,,,,,,,,,,,,,,,,,,,,,,,,,,,,,,,,,,,,,,,,,,,,,,,,,,,,,,,,,,,,,,,,,,,,,,,,,,,,,,,,,,,,,,,,,,,,,,,,,,,,,,,,,,,,,,,,,,,,,,,,,,,,,,,,,,,,,,,,,,,,,,,,,,,,,,,,,,,,,,,,,,,,,,,,,,,,,,,,,,,,,,,,,,,,,,,,,,,,,,,,,,,,,,,,,,,,,,,,,,,,,,,,,,,,,,,,,,,,,,,,,,,,,,,,,,,,,,,,,,,,,,,,,,,,,,,,,,,,,,,,,,,,,,,,,,,,,,,,Renjith Kumar TR,Manager,Master Of Commerce,22 years,India,"Delivery excellence lead for Retail & CPG industry verticals - Finance and Accounting processes. Primary Job description - a) Process transition, stabilization, and SLA Management b) Identifying process improvement and business value opportunities c) Executing & mentoring improvement projects c) Stakeholder Management – Liaise with internal & external (customer) stakeholders d) People Management, resource mobilization for optimum utilization e) Handing External and internal audits for the project g) Risk Management – Help mitigate risk by bring industry leading practices",,,,,,,,,,,,,,,,,,,,,,,,,,,,,,,,,,,,,,,,,,,,,,,,,,,,,,,,,,,,,,,,,,,,,,,,,,,,,,,,,,,,,,,,,,,,,,,,,,,,,,,,,,,,,,,,,,,,,,,,,,,,,,,,,,,,,,,,,,,,,,,,,,,,,,,,,,,,,,,,,,,,,,,,,,,,,,,,,,,,,,,,,,,,,,,,,,,,,,,,,,,,,,,,,,,,,,,,,,,,,,,,,,,,,,,,,,,,,,,,,,,,,,,,,,,,,,,,,,,,,,,,,,,,,,,,,,,,,,,,,,,,,,,,,,,,,,,,,,,,,,,,,,,,,,,,,,,,,,,,,,,,,,,,,,,,,,,,,,,,,,,,,,,,,,,,,,,,,,,,,,,,,,,,,,,,,,,,,,,,,,,,,,,,,,,,,,,,,,,,,,,,,,,,,,,,,,,,,,,,,,,,,,,,,,,,,,,,,,,,,,,,,,,,,,,407014545,,,,,,,,,,,,,,,,,,,,,,,
,,,,,,,,,,,,,,,,,,,,,,,,,,,,,,,,,,,,,,,,,,,,,,,,,,,,,,,,,,,,,,,,,,,,,,,,,,,,,,,,,,,,,,,,,,,,,,,,,,,,,,,,,,,,,,,,,,,,,,,,,,,,,,,,,,,,,,,,,,,,,,,,,,,,,,,,,,,,,,,,,,,,,,,,,,,,,,,,,,,,,,,,,,,,,,,,,,,,,,,,,,,,,,,,,,,,,,,,,,,,,,,,,,,,,,,,,,,,,,,,,,,,,,,,,,,,,,,,,,,,,,,,,,,,,,,,,,,,,,,,,,,,,,,,,,,,,,,,,,,,,,,,,,,,,,,,,,,,,,,,,,,,,,,,,,,,,,,,,,,,,,,,,,,,,,,,,,,,,,,,,,,,,,,,,,,,,,,,,,,,,,,,,,,,,,,,,,,,,,,,,,,,,,,,,,,,,,,,,,,,,,,,,,,,,,,,,,,,,,,,,,,,,,,,,,,,,,,,,,,,,,,,,,,,,,,,,,,,,,,,,,,,,,,,,Vipul Darji,Process Expert,Bachelor of Commerce,17 years,India,"Leading Controls design and implementation for Finance and Accounting Operations. This includes Primary Job description - a) Design review of newly transitioned projects b) Control deployment c) Monitoring for implementation of controls and regular review to ensure design deficiencies are proactively identified improvement projects d) Adhoc review for control adequacy d) People Management, resource mobilization for optimum utilization e) Handing External and internal audits for the project f) Stakeholder Management – Liaison with customer controls SPOC on a need basis and co-ordination with unit wise control deployment champions",,,,,,,,,,,,,,,,,,,,,,,,,,,,,,,,,,,,,,,,,,,,,,,,,,,,,,,,,,,,,,,,,,,,,,,,,,,,,,,,,,,,,,,,,,,,,,,,,,,,,,,,,,,,,,,,,,,,,,,,,,,,,,,,,,,,,,,,,,,,,,,,,,,,,,,,,,,,,,,,,,,,,,,,,,,,,,,,,,,,,,,,,,,,,,,,,,,,,,,,,,,,,,,,,,,,,,,,,,,,,,,,,,,,,,,,,,,,,,,,,,,,,,,,,,,,,,,,,,,,,,,,,,,,,,,,,,,,,,,,,,,,,,,,,,,,,,,,,,,,,,,,,,,,,,,,,,,,,,,,,,,,,,,,,,,,,,,,,,,,,,,,,,,,,,,,,,,,,,,,,,,,,,,,,,,,,,,,,,,,,,,,,,,,,,,,,,,,,,,,,,,,,,,,,,,,,,,,,,,,,,,,,,,,,,,,,,,,,,,,,,,,,,,,,,,407014545,,,,,,,,,,,,,,,,,,,,,,,
,,,,,,,,,,,,,,,,,,,,,,,,,,,,,,,,,,,,,,,,,,,,,,,,,,,,,,,,,,,,,,,,,,,,,,,,,,,,,,,,,,,,,,,,,,,,,,,,,,,,,,,,,,,,,,,,,,,,,,,,,,,,,,,,,,,,,,,,,,,,,,,,,,,,,,,,,,,,,,,,,,,,,,,,,,,,,,,,,,,,,,,,,,,,,,,,,,,,,,,,,,,,,,,,,,,,,,,,,,,,,,,,,,,,,,,,,,,,,,,,,,,,,,,,,,,,,,,,,,,,,,,,,,,,,,,,,,,,,,,,,,,,,,,,,,,,,,,,,,,,,,,,,,,,,,,,,,,,,,,,,,,,,,,,,,,,,,,,,,,,,,,,,,,,,,,,,,,,,,,,,,,,,,,,,,,,,,,,,,,,,,,,,,,,,,,,,,,,,,,,,,,,,,,,,,,,,,,,,,,,,,,,,,,,,,,,,,,,,,,,,,,,,,,,,,,,,,,,,,,,,,,,,,,,,,,,,,,,,,,,,,,,,,,,,Rohit Aggarwal,Delivery Manager,Post Graduate Diploma,16 years,India,"Delivery excellence lead for Lifesciences, communication & media industry verticals - Finance and Accounting processes and additionally as Delivery Excellence for Human Resource Operations. Primary Job description - a) Process transition, stabilization, and SLA Management b) Identifying process improvement and business value opportunities c) Executing & mentoring improvement projects c) Stakeholder Management – Liaise with internal & external (customer) stakeholders d) People Management, resource mobilization for optimum utilization e) Handing External and internal audits for the project g) Risk Management – Help mitigate risk by bring industry leading practices",,,,,,,,,,,,,,,,,,,,,,,,,,,,,,,,,,,,,,,,,,,,,,,,,,,,,,,,,,,,,,,,,,,,,,,,,,,,,,,,,,,,,,,,,,,,,,,,,,,,,,,,,,,,,,,,,,,,,,,,,,,,,,,,,,,,,,,,,,,,,,,,,,,,,,,,,,,,,,,,,,,,,,,,,,,,,,,,,,,,,,,,,,,,,,,,,,,,,,,,,,,,,,,,,,,,,,,,,,,,,,,,,,,,,,,,,,,,,,,,,,,,,,,,,,,,,,,,,,,,,,,,,,,,,,,,,,,,,,,,,,,,,,,,,,,,,,,,,,,,,,,,,,,,,,,,,,,,,,,,,,,,,,,,,,,,,,,,,,,,,,,,,,,,,,,,,,,,,,,,,,,,,,,,,,,,,,,,,,,,,,,,,,,,,,,,,,,,,,,,,,,,,,,,,,,,,,,,,,,,,,,,,,,,,,,,,,,,,,,,,,,,,,,,,,,407014545,,,,,,,,,,,,,,,,,,,,,,,
,,,,,,,,,,,,,,,,,,,,,,,,,,,,,,,,,,,,,,,,,,,,,,,,,,,,,,,,,,,,,,,,,,,,,,,,,,,,,,,,,,,,,,,,,,,,,,,,,,,,,,,,,,,,,,,,,,,,,,,,,,,,,,,,,,,,,,,,,,,,,,,,,,,,,,,,,,,,,,,,,,,,,,,,,,,,,,,,,,,,,,,,,,,,,,,,,,,,,,,,,,,,,,,,,,,,,,,,,,,,,,,,,,,,,,,,,,,,,,,,,,,,,,,,,,,,,,,,,,,,,,,,,,,,,,,,,,,,,,,,,,,,,,,,,,,,,,,,,,,,,,,,,,,,,,,,,,,,,,,,,,,,,,,,,,,,,,,,,,,,,,,,,,,,,,,,,,,,,,,,,,,,,,,,,,,,,,,,,,,,,,,,,,,,,,,,,,,,,,,,,,,,,,,,,,,,,,,,,,,,,,,,,,,,,,,,,,,,,,,,,,,,,,,,,,,,,,,,,,,,,,,,,,,,,,,,,,,,,,,,,,,,,,,,,Rohit Dutta,Lead,Bachelor Of Engineering (Electronics),26 years,India,"Delivery excellence lead for Customer Interaction Management (CIM) & Intelligent Product Application Management (IPAM). Primary Job description - a) Process transition, stabilization, and SLA Management b) Identifying process improvement and business value opportunities c) Executing & mentoring improvement projects c) Stakeholder Management – Liaise with internal & external (customer) stakeholders d) People Management, resource mobilization for optimum utilization e) Handing External and internal audits for the project g) Risk Management – Help mitigate risk by bring industry leading practices",,,,,,,,,,,,,,,,,,,,,,,,,,,,,,,,,,,,,,,,,,,,,,,,,,,,,,,,,,,,,,,,,,,,,,,,,,,,,,,,,,,,,,,,,,,,,,,,,,,,,,,,,,,,,,,,,,,,,,,,,,,,,,,,,,,,,,,,,,,,,,,,,,,,,,,,,,,,,,,,,,,,,,,,,,,,,,,,,,,,,,,,,,,,,,,,,,,,,,,,,,,,,,,,,,,,,,,,,,,,,,,,,,,,,,,,,,,,,,,,,,,,,,,,,,,,,,,,,,,,,,,,,,,,,,,,,,,,,,,,,,,,,,,,,,,,,,,,,,,,,,,,,,,,,,,,,,,,,,,,,,,,,,,,,,,,,,,,,,,,,,,,,,,,,,,,,,,,,,,,,,,,,,,,,,,,,,,,,,,,,,,,,,,,,,,,,,,,,,,,,,,,,,,,,,,,,,,,,,,,,,,,,,,,,,,,,,,,,,,,,,,,,,,,,,,407014545,,,,,,,,,,,,,,,,,,,,,,,
,,,,,,,,,,,,,,,,,,,,,,,,,,,,,,,,,,,,,,,,,,,,,,,,,,,,,,,,,,,,,,,,,,,,,,,,,,,,,,,,,,,,,,,,,,,,,,,,,,,,,,,,,,,,,,,,,,,,,,,,,,,,,,,,,,,,,,,,,,,,,,,,,,,,,,,,,,,,,,,,,,,,,,,,,,,,,,,,,,,,,,,,,,,,,,,,,,,,,,,,,,,,,,,,,,,,,,,,,,,,,,,,,,,,,,,,,,,,,,,,,,,,,,,,,,,,,,,,,,,,,,,,,,,,,,,,,,,,,,,,,,,,,,,,,,,,,,,,,,,,,,,,,,,,,,,,,,,,,,,,,,,,,,,,,,,,,,,,,,,,,,,,,,,,,,,,,,,,,,,,,,,,,,,,,,,,,,,,,,,,,,,,,,,,,,,,,,,,,,,,,,,,,,,,,,,,,,,,,,,,,,,,,,,,,,,,,,,,,,,,,,,,,,,,,,,,,,,,,,,,,,,,,,,,,,,,,,,,,,,,,,,,,,,,,Vishnu Cheche,Quality Manager,Bachelor Of Engineering (Mechanical),21 years,India,"Delivery excellence lead for Supply Chain Operations. Primary Job description - a) Process transition, stabilization, and SLA Management b) Identifying process improvement and business value opportunities c) Executing & mentoring improvement projects c) Stakeholder Management – Liaise with internal & external (customer) stakeholders d) People Management, resource mobilization for optimum utilization e) Handing External and internal audits for the project g) Risk Management – Help mitigate risk by bring industry leading practices.",,,,,,,,,,,,,,,,,,,,,,,,,,,,,,,,,,,,,,,,,,,,,,,,,,,,,,,,,,,,,,,,,,,,,,,,,,,,,,,,,,,,,,,,,,,,,,,,,,,,,,,,,,,,,,,,,,,,,,,,,,,,,,,,,,,,,,,,,,,,,,,,,,,,,,,,,,,,,,,,,,,,,,,,,,,,,,,,,,,,,,,,,,,,,,,,,,,,,,,,,,,,,,,,,,,,,,,,,,,,,,,,,,,,,,,,,,,,,,,,,,,,,,,,,,,,,,,,,,,,,,,,,,,,,,,,,,,,,,,,,,,,,,,,,,,,,,,,,,,,,,,,,,,,,,,,,,,,,,,,,,,,,,,,,,,,,,,,,,,,,,,,,,,,,,,,,,,,,,,,,,,,,,,,,,,,,,,,,,,,,,,,,,,,,,,,,,,,,,,,,,,,,,,,,,,,,,,,,,,,,,,,,,,,,,,,,,,,,,,,,,,,,,,,,,,407014545,,,,,,,,,,,,,,,,,,,,,,,
